frames,CYS 6,MET 12,CYS 30,CYS 64,CYS 76,CYS 80,CYS 94,MET 105,CYS 115,CYS 127,IOD 2,IOD 3,IOD 4,IOD 5,IOD 6
0.00000,5.386,5.277,5.27,3.84,3.692,5.064,5.038,6.559,5.43,4.854,14.555,6.02,11.522,2.963,3.842
0.50000,7.112,6.155,5.939,5.773,6.281,6.569,6.027,7.337,7.62,5.835,16.1,7.969,15.779,4.039,3.498
0.75000,6.452,5.694,5.41,6.743,5.386,6.448,5.666,8.342,6.94,6.123,15.719,7.928,15.94,4.444,3.465
0.87500,6.433,5.344,5.388,6.707,6.011,6.61,6.016,7.656,7.203,6.11,15.307,7.766,16.667,4.423,3.99
0.93750,6.911,5.391,5.423,6.697,5.279,6.423,5.497,7.829,7.079,7.423,16.331,8.261,15.746,5.412,3.481
0.96875,6.726,5.091,5.95,6.558,6.086,7.148,5.414,8.482,7.472,6.667,17.054,8.464,17.187,4.787,3.624
0.98438,7.006,6.034,5.809,7.312,6.701,6.654,6.654,9.089,7.102,7.421,17.399,8.342,17.351,5.257,2.927
0.99219,7.157,6.251,6.313,7.27,5.838,8.681,6.518,8.995,7.771,7.289,17.298,9.117,18.787,4.866,4.694
0.99609,7.842,6.045,5.885,6.349,6.571,6.499,7.207,8.689,7.754,7.243,16.673,9.355,18.277,4.183,3.266
0.99805,8.567,7.474,6.597,7.896,7.228,8.765,6.893,9.72,7.604,7.736,19.103,9.549,19.724,5.089,5.011
0.99902,9.112,7.864,7.033,8.201,6.425,8.333,6.949,9.316,8.663,7.567,19.719,9.456,19.426,5.62,5.564
0.99951,8.601,7.365,6.789,7.731,5.666,8.655,7.079,8.946,8.618,7.712,19.878,10.122,19.435,5.425,5.82
0.99976,8.334,7.605,6.998,7.31,6.854,9.197,6.929,8.644,8.564,7.607,19.913,9.465,19.805,5.407,5.683
0.99990,9.003,7.066,6.394,8.844,6.548,8.183,7.101,8.599,8.126,6.907,19.372,8.464,19.132,4.536,6.231
-1.00000,6.704,5.579,6.232,5.494,5.316,5.332,5.109,7.149,7.117,5.503,15.918,7.109,14.235,3.453,4.777
-3.00000,3.739,4.428,3.217,5.373,4.429,4.652,4.484,4.132,3.295,3.523,12.035,5.513,11.343,4.001,3.203
