frames,CYS 6,MET 12,CYS 30,CYS 64,CYS 76,CYS 80,CYS 94,MET 105,CYS 115,CYS 127,IOD 2,IOD 3,IOD 4,IOD 5,IOD 6
0.00000,3.637,5.369,5.092,4.804,2.954,5.687,3.595,4.332,3.986,1.5,11.932,4.315,7.852,2.908,4.939
0.50000,3.313,5.769,4.961,5.111,2.776,6.236,3.192,4.595,4.095,1.475,12.163,4.229,7.998,3.128,5.135
0.75000,3.005,4.854,4.041,5.674,3.12,6.035,3.86,4.643,3.943,2.307,11.819,4.044,9.103,3.14,4.304
0.87500,3.695,5.033,4.491,5.512,3.142,6.316,3.31,4.582,4.502,2.573,12.108,5.054,9.423,3.296,4.282
0.93750,2.682,5.482,4.337,5.891,3.849,6.213,3.338,5.017,3.951,2.371,11.217,4.155,9.252,2.692,5.096
0.96875,3.758,5.943,5.08,6.03,3.833,6.506,3.858,5.51,4.573,2.571,13.355,4.664,10.539,3.901,4.894
0.98438,7.779,7.967,7.231,7.88,7.135,8.722,6.943,8.789,7.22,6.018,18.149,9.787,18.842,5.555,5.76
0.99219,7.532,8.942,7.546,8.381,8.158,8.698,7.634,9.182,8.357,6.148,18.846,9.378,19.958,6.193,5.351
0.99609,7.276,8.355,7.302,9.63,7.552,9.046,7.588,9.287,7.937,7.013,19.763,9.554,19.16,6.681,5.283
0.99805,7.715,8.151,7.772,9.326,7.407,9.236,7.515,9.058,7.825,6.839,18.985,9.522,20.302,6.471,5.602
0.99902,7.25,8.591,7.773,8.834,8.721,8.99,7.874,9.373,8.396,6.337,19.665,10.188,19.896,6.542,6.152
0.99951,7.505,8.244,7.155,9.251,7.911,9.808,8.02,8.987,7.883,6.387,19.205,9.933,20.377,6.602,5.884
0.99976,7.745,7.98,7.055,8.609,8.383,8.852,7.549,9.113,7.668,5.937,19.707,9.416,19.842,5.576,5.816
0.99990,6.923,8.023,6.792,7.942,8.189,8.481,7.398,9.056,7.227,6.442,18.938,9.47,19.291,5.102,5.582
-1.00000,3.498,5.182,4.833,4.619,2.679,5.449,3.909,4.487,4.055,1.654,12.727,4.111,7.676,3.125,5.165
-3.00000,3.739,4.428,3.217,5.373,4.429,4.652,4.484,4.132,3.295,3.523,12.035,5.513,11.343,4.001,3.203
